DATE,CUSR0000SETA02,CPIFABSL,CPIENGSL,CUSR0000SETG01,CUSR0000SAH1,CUSR0000SEHA,CPIMEDSL,CPIHOSSL,CPIAPPSL
1947-01-01,.,.,.,.,.,.,13.200,.,38.400
1947-02-01,.,.,.,.,.,.,13.300,.,38.800
1947-03-01,.,.,.,.,.,.,13.300,.,39.400
1947-04-01,.,.,.,.,.,.,13.400,.,39.700
1947-05-01,.,.,.,.,.,.,13.500,.,39.800
1947-06-01,.,.,.,.,.,.,13.500,.,40.000
1947-07-01,.,.,.,.,.,.,13.500,.,40.000
1947-08-01,.,.,.,.,.,.,13.600,.,40.100
1947-09-01,.,.,.,.,.,.,13.700,.,40.200
1947-10-01,.,.,.,.,.,.,13.800,.,40.400
1947-11-01,.,.,.,.,.,.,13.800,.,40.600
1947-12-01,.,.,.,.,.,.,13.900,.,41.000
1948-01-01,.,.,.,.,.,.,14.000,.,41.300
1948-02-01,.,.,.,.,.,.,14.000,.,41.800
1948-03-01,.,.,.,.,.,.,14.100,.,42.000
1948-04-01,.,.,.,.,.,.,14.300,.,42.100
1948-05-01,.,.,.,.,.,.,14.300,.,42.500
1948-06-01,.,.,.,.,.,.,14.400,.,42.400
1948-07-01,.,.,.,.,.,.,14.500,.,42.700
1948-08-01,.,.,.,.,.,.,14.600,.,43.100
1948-09-01,.,.,.,.,.,.,14.500,.,43.100
1948-10-01,.,.,.,.,.,.,14.600,.,43.100
1948-11-01,.,.,.,.,.,.,14.700,.,43.000
1948-12-01,.,.,.,.,.,.,14.700,.,43.000
1949-01-01,.,.,.,.,.,.,14.700,.,42.200
1949-02-01,.,.,.,.,.,.,14.800,.,41.800
1949-03-01,.,.,.,.,.,.,14.800,.,41.600
1949-04-01,.,.,.,.,.,.,14.800,.,41.300
1949-05-01,.,.,.,.,.,.,14.800,.,41.100
1949-06-01,.,.,.,.,.,.,14.800,.,41.000
1949-07-01,.,.,.,.,.,.,14.800,.,40.800
1949-08-01,.,.,.,.,.,.,14.900,.,40.500
1949-09-01,.,.,.,.,.,.,14.900,.,40.200
1949-10-01,.,.,.,.,.,.,14.900,.,39.900
1949-11-01,.,.,.,.,.,.,14.900,.,39.800
1949-12-01,.,.,.,.,.,.,14.900,.,39.800
1950-01-01,.,.,.,.,.,.,14.900,.,39.700
1950-02-01,.,.,.,.,.,.,15.000,.,39.700
1950-03-01,.,.,.,.,.,.,14.900,.,39.700
1950-04-01,.,.,.,.,.,.,15.000,.,39.700
1950-05-01,.,.,.,.,.,.,15.000,.,39.700
1950-06-01,.,.,.,.,.,.,15.000,.,39.700
1950-07-01,.,.,.,.,.,.,15.100,.,39.900
1950-08-01,.,.,.,.,.,.,15.100,.,40.100
1950-09-01,.,.,.,.,.,.,15.200,.,40.600
1950-10-01,.,.,.,.,.,.,15.300,.,41.200
1950-11-01,.,.,.,.,.,.,15.300,.,41.500
1950-12-01,.,.,.,.,.,.,15.400,.,41.900
1951-01-01,.,.,.,.,.,.,15.400,.,42.600
1951-02-01,.,.,.,.,.,.,15.500,.,43.300
1951-03-01,.,.,.,.,.,.,15.700,.,43.500
1951-04-01,.,.,.,.,.,.,15.700,.,43.800
1951-05-01,.,.,.,.,.,.,15.800,.,43.900
1951-06-01,.,.,.,.,.,.,15.800,.,43.900
1951-07-01,.,.,.,.,.,.,15.800,.,44.000
1951-08-01,.,.,.,.,.,.,15.900,.,44.000
1951-09-01,.,.,.,.,.,.,15.900,.,44.800
1951-10-01,.,.,.,.,.,.,16.000,.,44.700
1951-11-01,.,.,.,.,.,.,16.100,.,44.400
1951-12-01,.,.,.,.,.,.,16.300,.,44.300
1952-01-01,.,.,.,.,.,.,16.300,.,43.900
1952-02-01,.,.,.,.,.,.,16.400,.,43.900
1952-03-01,.,.,.,.,.,.,16.500,.,43.700
1952-04-01,.,.,.,.,.,.,16.500,.,43.600
1952-05-01,.,.,.,.,.,.,16.500,.,43.600
1952-06-01,.,.,.,.,.,.,16.800,.,43.500
1952-07-01,.,.,.,.,.,.,16.900,.,43.500
1952-08-01,.,.,.,.,.,.,16.900,.,43.400
1952-09-01,.,.,.,.,.,.,16.900,.,43.300
1952-10-01,.,.,.,.,.,.,16.900,.,43.100
1952-11-01,.,.,.,.,.,.,16.900,.,43.000
1952-12-01,.,.,.,.,.,.,17.000,.,43.000
1953-01-01,28.700,.,.,.,21.700,.,17.000,.,43.000
1953-02-01,28.700,.,.,.,21.800,.,17.000,.,43.000
1953-03-01,28.400,.,.,.,21.800,.,17.000,.,43.000
1953-04-01,28.300,.,.,.,21.900,.,17.100,.,43.100
1953-05-01,27.500,.,.,.,21.900,.,17.200,.,43.200
1953-06-01,26.900,.,.,.,21.900,.,17.300,.,43.300
1953-07-01,26.500,.,.,.,22.000,.,17.300,.,43.300
1953-08-01,26.000,.,.,.,22.000,.,17.400,.,43.200
1953-09-01,25.500,.,.,.,22.100,.,17.500,.,43.200
1953-10-01,25.200,.,.,.,22.200,.,17.500,.,43.200
1953-11-01,24.800,.,.,.,22.200,.,17.600,.,43.300
1953-12-01,24.700,.,.,.,22.300,.,17.600,.,43.200
1954-01-01,24.200,.,.,.,22.300,.,17.600,.,43.300
1954-02-01,23.500,.,.,.,22.300,.,17.700,.,43.200
1954-03-01,23.100,.,.,.,22.400,.,17.700,.,43.000
1954-04-01,22.900,.,.,.,22.400,.,17.800,.,43.000
1954-05-01,22.700,.,.,.,22.500,.,17.800,.,43.100
1954-06-01,22.800,.,.,.,22.500,.,17.800,.,43.200
1954-07-01,22.600,.,.,.,22.500,.,17.800,.,43.100
1954-08-01,22.500,.,.,.,22.500,.,17.900,.,43.000
1954-09-01,22.400,.,.,.,22.600,.,17.900,.,42.900
1954-10-01,22.200,.,.,.,22.600,.,17.900,.,42.900
1954-11-01,22.100,.,.,.,22.600,.,18.000,.,42.900
1954-12-01,21.900,.,.,.,22.700,.,18.000,.,42.900
1955-01-01,22.400,.,.,.,22.700,.,18.000,.,42.800
1955-02-01,22.400,.,.,.,22.700,.,18.100,.,42.800
1955-03-01,22.400,.,.,.,22.700,.,18.100,.,42.700
1955-04-01,21.300,.,.,.,22.700,.,18.100,.,42.800
1955-05-01,21.700,.,.,.,22.700,.,18.200,.,42.800
1955-06-01,21.700,.,.,.,22.700,.,18.200,.,42.800
1955-07-01,21.500,.,.,.,22.700,.,18.200,.,42.800
1955-08-01,21.200,.,.,.,22.800,.,18.300,.,42.900
1955-09-01,21.200,.,.,.,22.800,.,18.300,.,43.000
1955-10-01,20.900,.,.,.,22.900,.,18.400,.,43.000
1955-11-01,20.800,.,.,.,22.900,.,18.500,.,43.000
1955-12-01,20.500,.,.,.,22.900,.,18.600,.,43.100
1956-01-01,20.100,.,.,.,22.900,.,18.600,.,43.200
1956-02-01,20.500,.,.,.,22.900,.,18.700,.,43.500
1956-03-01,20.000,.,.,.,22.900,.,18.700,.,43.500
1956-04-01,20.000,.,.,.,22.900,.,18.800,.,43.600
1956-05-01,20.600,.,.,.,22.900,.,18.800,.,43.600
1956-06-01,20.200,.,.,.,23.100,.,18.800,.,43.600
1956-07-01,20.500,.,.,.,23.200,.,18.900,.,43.800
1956-08-01,20.800,.,.,.,23.300,.,19.000,.,43.900
1956-09-01,20.800,.,.,.,23.300,.,19.100,.,44.000
1956-10-01,21.400,.,.,.,23.300,.,19.100,.,44.000
1956-11-01,21.500,.,.,.,23.300,.,19.100,.,44.100
1956-12-01,21.700,.,.,.,23.500,.,19.200,.,44.300
1957-01-01,22.300,.,21.3,.,23.500,.,19.300,.,44.300
1957-02-01,22.300,.,21.4,.,23.700,.,19.300,.,44.300
1957-03-01,23.100,.,21.5,.,23.800,.,19.400,.,44.500
1957-04-01,23.200,.,21.6,.,23.900,.,19.500,.,44.400
1957-05-01,23.300,.,21.6,.,23.900,.,19.600,.,44.500
1957-06-01,23.200,.,21.6,.,23.900,.,19.700,.,44.500
1957-07-01,23.100,.,21.5,.,24.000,.,19.700,.,44.500
1957-08-01,23.300,.,21.4,.,24.000,.,19.800,.,44.600
1957-09-01,23.400,.,21.4,.,24.100,.,19.800,.,44.500
1957-10-01,23.500,.,21.4,.,24.200,.,19.900,.,44.600
1957-11-01,23.700,.,21.5,.,24.200,.,20.000,.,44.700
1957-12-01,23.500,.,21.5,.,24.300,.,20.100,.,44.600
1958-01-01,23.200,.,21.6,.,24.300,.,20.200,.,44.800
1958-02-01,23.300,.,21.3,.,24.400,.,20.200,.,44.700
1958-03-01,23.100,.,21.4,.,24.400,.,20.300,.,44.700
1958-04-01,23.300,.,21.4,.,24.500,.,20.400,.,44.700
1958-05-01,23.500,.,21.5,.,24.600,.,20.500,.,44.700
1958-06-01,23.400,.,21.5,.,24.500,.,20.600,.,44.800
1958-07-01,23.900,.,21.6,.,24.500,.,20.700,.,44.700
1958-08-01,24.100,.,21.7,.,24.500,.,20.700,.,44.700
1958-09-01,24.700,.,21.7,.,24.500,.,20.900,.,44.500
1958-10-01,24.900,.,21.7,.,24.400,.,21.000,.,44.500
1958-11-01,25.200,.,21.4,.,24.500,.,21.000,.,44.700
1958-12-01,25.600,.,21.4,.,24.500,.,21.100,.,44.700
1959-01-01,25.900,.,21.4,.,24.500,.,21.100,.,44.800
1959-02-01,26.100,.,21.6,.,24.500,.,21.200,.,44.700
1959-03-01,26.400,.,21.7,.,24.600,.,21.300,.,44.700
1959-04-01,26.600,.,21.8,.,24.600,.,21.300,.,44.800
1959-05-01,26.600,.,21.8,.,24.700,.,21.400,.,44.900
1959-06-01,26.800,.,21.9,.,24.700,.,21.500,.,45.000
1959-07-01,27.300,.,21.8,.,24.700,.,21.500,.,45.100
1959-08-01,27.200,.,21.9,.,24.800,.,21.600,.,45.200
1959-09-01,27.500,.,21.9,.,24.800,.,21.700,.,45.300
1959-10-01,27.000,.,22.2,.,24.900,.,21.700,.,45.300
1959-11-01,27.000,.,22.2,.,25.000,.,21.800,.,45.300
1959-12-01,27.200,.,22.3,.,25.000,.,21.800,.,45.300
1960-01-01,27.200,.,22.3,.,25.000,.,21.900,.,45.300
1960-02-01,27.800,.,22.2,.,25.100,.,22.000,.,45.500
1960-03-01,26.500,.,22.3,.,25.100,.,22.100,.,45.500
1960-04-01,25.500,.,22.4,.,25.200,.,22.200,.,45.600
1960-05-01,25.400,.,22.3,.,25.200,.,22.200,.,45.700
1960-06-01,25.200,.,22.4,.,25.200,.,22.200,.,45.700
1960-07-01,24.700,.,22.5,.,25.200,.,22.300,.,45.800
1960-08-01,24.500,.,22.5,.,25.300,.,22.300,.,45.800
1960-09-01,23.600,.,22.6,.,25.300,.,22.400,.,45.900
1960-10-01,23.700,.,22.5,.,25.400,.,22.400,.,46.000
1960-11-01,23.100,.,22.7,.,25.400,.,22.500,.,45.900
1960-12-01,23.700,.,22.6,.,25.400,.,22.600,.,45.900
1961-01-01,23.600,.,22.7,.,25.400,.,22.600,.,46.000
1961-02-01,24.700,.,22.6,.,25.400,.,22.700,.,46.000
1961-03-01,24.000,.,22.6,.,25.400,.,22.700,.,46.000
1961-04-01,25.300,.,22.2,.,25.400,.,22.800,.,45.900
1961-05-01,25.700,.,22.4,.,25.400,.,22.800,.,46.000
1961-06-01,26.300,.,22.5,.,25.400,.,22.900,.,46.000
1961-07-01,26.500,.,22.5,.,25.500,.,22.900,.,46.100
1961-08-01,27.000,.,22.5,.,25.400,.,23.000,.,46.100
1961-09-01,27.100,.,22.6,.,25.500,.,23.100,.,46.200
1961-10-01,27.400,.,22.4,.,25.500,.,23.100,.,46.200
1961-11-01,27.500,.,22.5,.,25.600,.,23.100,.,46.100
1961-12-01,27.000,.,22.4,.,25.600,.,23.200,.,46.100
1962-01-01,27.100,.,22.4,.,25.600,.,23.200,.,46.000
1962-02-01,27.300,.,22.6,.,25.600,.,23.300,.,46.100
1962-03-01,27.300,.,22.4,.,25.600,.,23.400,.,46.200
1962-04-01,28.200,.,22.7,.,25.600,.,23.400,.,46.200
1962-05-01,28.600,.,22.7,.,25.700,.,23.500,.,46.200
1962-06-01,28.600,.,22.5,.,25.800,.,23.500,.,46.300
1962-07-01,28.500,.,22.3,.,25.800,.,23.600,.,46.400
1962-08-01,28.800,.,22.4,.,25.800,.,23.600,.,46.200
1962-09-01,29.200,.,22.8,.,25.800,.,23.600,.,46.600
1962-10-01,29.000,.,22.7,.,25.800,.,23.700,.,46.700
1962-11-01,29.200,.,22.7,.,25.800,.,23.700,.,46.500
1962-12-01,28.700,.,22.8,.,25.800,.,23.800,.,46.400
1963-01-01,27.200,.,22.8,.,25.900,.,23.900,.,46.600
1963-02-01,28.100,.,22.7,.,25.900,.,23.900,.,46.700
1963-03-01,28.500,.,22.7,.,26.000,.,23.900,.,46.700
1963-04-01,28.700,.,22.6,.,26.000,.,23.900,.,46.800
1963-05-01,28.600,.,22.6,.,26.000,.,24.000,.,46.700
1963-06-01,28.700,.,22.5,.,26.000,.,24.100,.,46.800
1963-07-01,28.700,.,22.7,.,26.100,.,24.100,.,46.900
1963-08-01,28.800,.,22.6,.,26.100,.,24.200,.,47.000
1963-09-01,29.200,.,22.5,.,26.100,.,24.200,.,47.000
1963-10-01,29.200,.,22.7,.,26.200,.,24.200,.,47.100
1963-11-01,29.500,.,22.6,.,26.200,.,24.300,.,47.200
1963-12-01,29.700,.,22.6,.,26.300,.,24.300,.,47.200
1964-01-01,30.200,.,22.8,.,26.300,.,24.400,.,47.200
1964-02-01,30.200,.,22.2,.,26.400,.,24.400,.,47.200
1964-03-01,30.100,.,22.6,.,26.400,.,24.400,.,47.200
1964-04-01,29.900,.,22.5,.,26.400,.,24.500,.,47.300
1964-05-01,30.000,.,22.5,.,26.400,.,24.500,.,47.300
1964-06-01,29.900,.,22.6,.,26.400,.,24.600,.,47.300
1964-07-01,29.800,.,22.5,.,26.500,.,24.600,.,47.400
1964-08-01,29.600,.,22.6,.,26.500,.,24.700,.,47.400
1964-09-01,29.600,.,22.5,.,26.600,.,24.700,.,47.200
1964-10-01,29.600,.,22.5,.,26.600,.,24.700,.,47.200
1964-11-01,30.000,.,22.5,.,26.700,.,24.800,.,47.300
1964-12-01,30.600,.,22.6,.,26.700,.,24.800,.,47.400
1965-01-01,31.100,.,22.8,.,26.800,.,24.800,.,47.500
1965-02-01,30.900,.,22.7,.,26.900,.,24.900,.,47.500
1965-03-01,30.600,.,22.6,.,26.900,.,25.000,.,47.500
1965-04-01,29.900,.,22.9,.,26.900,.,25.000,.,47.600
1965-05-01,29.800,.,23,.,26.900,.,25.100,.,47.700
1965-06-01,29.900,.,23.1,.,26.900,.,25.100,.,47.800
1965-07-01,29.800,.,23,.,27.000,.,25.300,.,47.700
1965-08-01,29.200,.,23,.,27.000,.,25.300,.,47.800
1965-09-01,29.000,.,23.1,.,27.000,.,25.300,.,47.800
1965-10-01,29.100,.,23,.,27.100,.,25.400,.,47.900
1965-11-01,29.000,.,23.1,.,27.200,.,25.500,.,48.000
1965-12-01,29.300,.,23.1,.,27.200,.,25.500,.,48.100
1966-01-01,28.900,.,23.1,.,27.300,.,25.600,.,48.300
1966-02-01,29.000,.,23.2,.,27.300,.,25.600,.,48.400
1966-03-01,29.000,.,23.2,.,27.400,.,25.800,.,48.500
1966-04-01,29.100,.,23.2,.,27.600,.,25.900,.,48.700
1966-05-01,28.900,.,23.2,.,27.700,.,26.000,.,48.800
1966-06-01,28.800,.,23.3,.,27.900,.,26.100,.,48.900
1966-07-01,29.100,.,23.4,.,27.900,.,26.300,.,49.100
1966-08-01,29.600,.,23.3,.,27.900,.,26.400,.,49.100
1966-09-01,29.300,.,23.4,.,28.000,.,26.700,.,49.400
1966-10-01,29.400,.,23.4,.,28.200,.,26.900,.,49.600
1966-11-01,29.200,.,23.5,.,28.200,.,27.100,.,49.700
1966-12-01,28.200,.,23.5,.,28.300,.,27.200,.,49.900
1967-01-01,28.600,34.800,23.6,.,28.400,.,27.400,30.500,50.100
1967-02-01,29.000,34.700,23.7,.,28.500,.,27.500,30.500,50.300
1967-03-01,29.200,34.700,23.6,.,28.400,.,27.600,30.500,50.400
1967-04-01,29.300,34.600,23.9,.,28.500,.,27.800,30.600,50.600
1967-05-01,29.400,34.600,23.9,.,28.600,.,27.900,30.700,50.700
1967-06-01,29.600,34.900,23.8,.,28.700,.,28.100,30.700,50.900
1967-07-01,30.100,35.000,23.8,.,28.800,.,28.200,30.800,51.100
1967-08-01,30.500,35.200,23.9,.,28.900,.,28.300,30.900,51.300
1967-09-01,30.900,35.200,24,.,28.900,.,28.500,31.000,51.300
1967-10-01,30.800,35.300,23.9,.,29.000,.,28.700,31.000,51.500
1967-11-01,30.900,35.400,24,.,29.100,.,28.800,31.100,51.600
1967-12-01,31.100,35.500,23.9,.,29.200,.,29.000,31.200,51.900
1968-01-01,31.700,35.500,24,.,29.300,.,29.100,31.300,52.100
1968-02-01,31.400,35.700,24.1,.,29.400,.,29.200,31.400,52.400
1968-03-01,31.400,35.800,24.1,.,29.500,.,29.400,31.500,52.700
1968-04-01,31.200,36.000,24,.,29.600,.,29.500,31.600,53.000
1968-05-01,30.700,36.100,24.1,.,29.600,.,29.600,31.700,53.300
1968-06-01,31.000,36.100,24.2,.,30.000,.,29.700,31.900,53.500
1968-07-01,31.100,36.200,24.2,.,30.300,.,29.900,32.100,53.900
1968-08-01,31.300,36.300,24.3,.,30.500,.,30.000,32.300,54.200
1968-09-01,31.000,36.500,24.3,.,30.500,.,30.200,32.400,54.500
1968-10-01,30.900,36.800,24.3,.,30.700,.,30.400,32.500,54.800
1968-11-01,31.000,36.800,24.4,.,30.900,.,30.600,32.700,54.900
1968-12-01,29.600,37.000,24.3,.,31.100,.,30.800,32.900,55.200
1969-01-01,29.200,37.000,24.4,.,31.300,.,30.900,33.000,55.500
1969-02-01,31.300,37.000,24.4,.,31.400,.,31.200,33.100,55.700
1969-03-01,33.000,37.100,24.7,.,31.800,.,31.400,33.400,55.900
1969-04-01,32.500,37.400,24.9,.,32.100,.,31.600,33.600,56.200
1969-05-01,30.800,37.600,24.8,.,32.300,.,31.800,33.700,56.400
1969-06-01,31.000,38.000,25,.,32.400,.,31.900,33.900,56.700
1969-07-01,30.500,38.200,24.9,.,32.700,.,32.100,34.100,57.000
1969-08-01,30.500,38.400,24.9,.,32.900,.,32.200,34.300,57.000
1969-09-01,29.600,38.600,25,.,33.200,.,32.500,34.500,57.400
1969-10-01,30.600,38.700,25,.,33.400,.,32.300,34.700,57.600
1969-11-01,30.600,39.100,25,.,33.600,.,32.500,34.800,57.900
1969-12-01,30.800,39.500,25.1,.,33.800,.,32.600,35.000,58.000
1970-01-01,30.500,39.600,25.1,.,34.000,.,32.800,35.100,58.200
1970-02-01,30.200,39.800,25.1,.,34.400,.,33.000,35.400,58.500
1970-03-01,29.900,39.800,25,.,34.800,.,33.200,35.800,58.500
1970-04-01,30.100,39.900,25.5,.,35.000,.,33.500,35.900,58.700
1970-05-01,30.900,40.100,25.4,.,35.300,.,33.700,36.100,58.800
1970-06-01,31.800,40.100,25.3,.,35.500,.,33.900,36.300,59.000
1970-07-01,31.700,40.200,25.5,.,35.600,.,34.100,36.500,59.100
1970-08-01,31.400,40.200,25.4,.,35.900,.,34.300,36.600,59.300
1970-09-01,31.100,40.400,25.6,.,36.200,.,34.500,36.900,59.600
1970-10-01,31.600,40.500,25.9,.,36.300,.,34.600,37.100,59.800
1970-11-01,32.200,40.400,26,.,36.500,.,34.800,37.300,60.100
1970-12-01,32.900,40.500,26.2,.,36.800,.,35.100,37.400,60.300
1971-01-01,32.900,40.500,26.3,.,36.800,.,35.200,37.500,60.400
1971-02-01,33.000,40.500,26.2,.,36.600,.,35.400,37.500,60.600
1971-03-01,33.200,40.900,26.2,.,36.400,.,35.600,37.400,60.600
1971-04-01,33.400,41.100,26.1,.,36.400,.,35.800,37.400,60.700
1971-05-01,33.400,41.300,26.2,.,36.500,.,36.000,37.600,61.100
1971-06-01,33.400,41.500,26.3,.,36.900,.,36.200,37.900,61.200
1971-07-01,33.100,41.600,26.3,.,37.000,.,36.400,38.100,61.300
1971-08-01,33.100,41.600,26.8,.,37.200,.,36.500,38.200,61.100
1971-09-01,32.800,41.600,26.9,.,37.400,.,36.700,38.400,61.300
1971-10-01,32.700,41.700,27,.,37.500,.,36.500,38.500,61.400
1971-11-01,32.500,41.900,26.9,.,37.700,.,36.600,38.600,61.500
1971-12-01,32.200,42.300,27,.,37.800,.,36.700,38.700,61.600
1972-01-01,32.500,42.200,27,.,38.000,.,36.800,38.900,61.700
1972-02-01,32.400,42.600,26.8,.,38.100,.,36.900,39.000,61.900
1972-03-01,32.500,42.600,26.9,.,38.200,.,37.000,39.000,61.900
1972-04-01,32.600,42.600,26.9,.,38.300,.,37.100,39.100,62.100
1972-05-01,32.700,42.700,27,.,38.400,.,37.200,39.200,62.200
1972-06-01,32.800,42.800,27,.,38.600,.,37.300,39.400,62.200
1972-07-01,32.700,43.100,27.1,.,38.800,.,37.300,39.600,62.200
1972-08-01,32.800,43.100,27.3,.,39.000,.,37.400,39.700,62.000
1972-09-01,33.200,43.500,27.6,.,39.000,.,37.400,39.800,62.500
1972-10-01,33.600,43.700,27.7,.,39.100,.,37.800,39.800,62.800
1972-11-01,34.100,43.900,27.9,.,39.200,.,37.800,39.900,63.000
1972-12-01,34.500,44.100,27.8,.,39.300,.,37.900,40.100,63.200
1973-01-01,34.900,44.800,27.9,.,39.400,.,38.000,40.100,63.200
1973-02-01,35.600,45.500,28.2,.,39.500,.,38.100,40.200,63.400
1973-03-01,35.800,46.500,28.3,.,39.600,.,38.200,40.400,63.800
1973-04-01,36.100,47.200,28.6,.,39.700,.,38.300,40.500,64.200
1973-05-01,36.000,47.800,28.8,.,39.900,.,38.500,40.600,64.400
1973-06-01,35.800,48.300,29.2,.,40.000,.,38.600,40.900,64.600
1973-07-01,35.500,48.400,29.2,.,40.100,.,38.600,41.000,64.600
1973-08-01,35.200,50.900,29.4,.,40.500,.,38.700,41.300,64.900
1973-09-01,34.900,50.900,29.4,.,41.000,.,38.900,41.700,65.200
1973-10-01,34.400,51.200,30.3,.,41.600,.,39.600,42.100,65.400
1973-11-01,34.200,51.800,31.5,.,41.800,.,39.700,42.500,65.700
1973-12-01,33.900,52.300,32.5,.,42.100,.,39.900,42.800,66.000
1974-01-01,33.300,52.900,34.1,.,42.400,.,40.100,43.300,66.300
1974-02-01,32.800,54.000,35.4,.,42.700,.,40.300,43.600,67.000
1974-03-01,32.200,54.500,36.9,.,43.000,.,40.700,44.100,67.500
1974-04-01,32.900,54.400,37.6,.,43.200,.,41.000,44.400,68.200
1974-05-01,34.100,54.800,38.3,.,43.500,.,41.400,44.900,68.700
1974-06-01,35.700,54.900,38.6,.,43.900,.,42.100,45.400,69.200
1974-07-01,36.900,54.800,38.9,.,44.400,.,42.600,45.900,69.500
1974-08-01,38.100,55.500,39.2,.,44.900,.,43.200,46.500,70.800
1974-09-01,39.300,56.600,39.3,.,45.500,.,43.700,47.100,71.000
1974-10-01,40.600,57.200,39.2,.,46.000,.,44.100,47.700,71.200
1974-11-01,41.900,57.900,39.4,.,46.300,.,44.400,48.100,71.700
1974-12-01,42.000,58.600,39.6,.,46.900,.,44.800,48.600,71.700
1975-01-01,42.400,58.800,40,.,47.300,.,45.300,49.000,71.800
1975-02-01,42.700,59.000,40.3,.,47.700,.,45.800,49.400,72.000
1975-03-01,42.800,58.900,40.6,.,47.900,.,46.300,49.700,72.100
1975-04-01,42.500,58.800,41,.,48.200,.,46.700,50.000,72.100
1975-05-01,42.400,59.000,41.3,.,48.300,.,47.000,50.200,72.200
1975-06-01,42.900,59.600,41.7,.,48.700,.,47.400,50.500,72.200
1975-07-01,43.900,60.600,42.5,.,48.900,.,47.800,50.700,72.600
1975-08-01,44.700,60.700,42.8,.,49.000,.,48.100,51.000,72.600
1975-09-01,45.100,61.000,43.2,.,49.300,.,48.500,51.300,72.700
1975-10-01,45.500,61.600,43.5,.,49.600,.,48.900,51.500,73.000
1975-11-01,45.800,62.000,43.9,.,50.000,.,48.800,52.000,73.200
1975-12-01,45.800,62.300,44.1,.,50.300,.,49.300,52.300,73.400
1976-01-01,45.100,62.200,44.5,.,50.500,.,49.700,52.600,73.700
1976-02-01,45.800,61.600,44.4,.,50.600,.,50.200,52.800,74.000
1976-03-01,47.300,61.300,44.1,.,50.700,.,50.700,52.900,74.200
1976-04-01,48.800,61.300,43.9,.,50.700,.,51.000,53.100,74.300
1976-05-01,49.800,61.600,44.1,.,50.900,.,51.400,53.200,74.600
1976-06-01,50.400,61.700,44.4,.,51.200,.,51.800,53.500,74.900
1976-07-01,51.000,62.000,44.8,.,51.600,.,52.300,53.800,75.300
1976-08-01,51.700,62.200,45.2,.,51.900,.,52.600,54.100,75.800
1976-09-01,52.300,62.500,45.7,.,52.200,.,53.000,54.400,76.100
1976-10-01,52.900,62.800,46.1,.,52.300,.,53.200,54.600,76.200
1976-11-01,53.600,62.800,46.8,.,52.400,.,53.900,54.800,76.500
1976-12-01,54.500,62.900,47.5,.,52.400,.,54.200,55.100,76.800
1977-01-01,55.300,63.100,48.1,.,52.900,.,54.600,55.600,77.200
1977-02-01,56.300,64.200,48.1,.,53.200,.,54.900,55.900,77.600
1977-03-01,57.000,64.500,48.4,.,53.500,.,55.500,56.200,77.500
1977-04-01,57.200,65.200,48.6,.,54.000,.,56.000,56.500,77.600
1977-05-01,56.700,65.500,48.9,.,54.300,.,56.500,56.800,78.100
1977-06-01,55.800,65.900,48.9,.,54.700,.,57.000,57.100,78.500
1977-07-01,54.900,66.100,49.1,.,55.200,.,57.300,57.600,79.100
1977-08-01,53.900,66.400,49.5,.,55.500,.,57.700,57.900,79.200
1977-09-01,53.400,66.600,49.8,.,55.900,.,58.200,58.300,79.100
1977-10-01,52.700,66.800,50.5,.,56.200,.,58.400,58.600,79.300
1977-11-01,52.600,67.400,51.3,.,56.600,.,58.600,59.000,79.800
1977-12-01,52.200,67.500,51.6,.,57.000,.,59.000,59.400,80.100
1978-01-01,52.600,68.100,51.1,.,57.500,.,59.300,59.700,80.100
1978-02-01,52.800,68.800,50.6,.,57.800,.,59.900,60.100,79.500
1978-03-01,53.100,69.600,51,.,58.300,.,60.200,60.500,79.900
1978-04-01,53.500,70.700,51.4,.,58.800,.,60.700,61.000,80.700
1978-05-01,54.300,71.700,51.7,.,59.400,.,61.100,61.600,81.300
1978-06-01,55.500,72.800,51.9,.,60.000,.,61.500,62.100,81.600
1978-07-01,56.600,73.100,52.1,.,60.700,.,61.900,62.700,81.500
1978-08-01,57.400,73.400,52.6,.,61.300,.,62.400,63.100,81.700
1978-09-01,57.900,73.700,53.2,.,62.100,.,62.800,63.800,81.900
1978-10-01,58.400,74.300,54.1,.,62.800,.,63.300,64.500,82.400
1978-11-01,58.800,74.800,54.9,.,63.300,.,63.800,64.900,82.600
1978-12-01,59.100,75.200,55.9,.,63.500,.,64.100,65.200,82.600
1979-01-01,57.900,76.500,55.8,.,64.000,.,64.800,65.700,83.000
1979-02-01,58.700,77.700,55.9,.,64.900,.,65.200,66.500,83.300
1979-03-01,59.900,78.400,57.4,.,65.500,.,65.700,67.000,83.600
1979-04-01,61.200,78.900,59.5,.,66.300,.,66.100,67.700,84.000
1979-05-01,62.300,79.700,62,.,67.100,.,66.600,68.400,84.500
1979-06-01,62.800,80.000,64.7,.,68.000,.,67.100,69.300,84.700
1979-07-01,62.300,80.400,67.3,.,69.000,.,67.700,70.200,84.800
1979-08-01,61.300,80.300,69.7,.,70.100,.,68.200,71.200,85.000
1979-09-01,60.100,80.900,71.9,.,71.100,.,68.700,72.100,85.600
1979-10-01,59.000,81.500,73.5,.,72.300,.,69.200,73.100,86.100
1979-11-01,58.300,82.100,74.8,.,73.500,.,69.800,74.200,86.600
1979-12-01,58.600,82.800,76.8,.,74.600,.,70.600,75.200,87.300
1980-01-01,59.100,83.300,79.1,.,75.900,.,71.400,76.200,88.100
1980-02-01,59.400,83.400,81.9,.,76.800,.,72.300,77.200,88.700
1980-03-01,59.700,84.100,84.5,.,78.100,.,73.000,78.300,89.700
1980-04-01,59.900,84.600,85.4,.,79.300,.,73.600,79.400,90.100
1980-05-01,60.200,85.200,86.4,.,80.500,.,74.200,80.500,90.300
1980-06-01,60.300,85.700,86.5,.,82.300,.,74.700,82.000,90.600
1980-07-01,60.900,86.500,86.7,.,81.300,.,75.200,81.500,90.900
1980-08-01,61.500,87.900,87.2,.,81.400,.,75.600,81.800,91.400
1980-09-01,63.700,88.900,87.5,.,82.000,.,76.300,82.300,92.000
1980-10-01,65.500,89.600,88,.,83.400,.,76.900,83.400,92.700
1980-11-01,67.800,90.600,88.8,.,84.700,.,77.300,84.400,93.100
1980-12-01,69.100,91.200,90.7,.,85.800,.,77.800,85.500,93.300
1981-01-01,70.300,91.500,92.1,.,86.300,84.700,78.600,86.100,93.400
1981-02-01,71.300,92.000,95.2,.,86.300,85.200,79.200,86.600,93.900
1981-03-01,72.000,92.500,97.4,.,86.700,85.900,79.900,87.100,94.300
1981-04-01,72.400,92.600,97.6,.,87.300,86.500,80.700,87.800,94.700
1981-05-01,73.800,92.700,97.9,.,88.600,87.100,81.400,88.800,94.800
1981-06-01,75.600,93.100,97.3,.,89.900,87.600,82.300,89.800,95.000
1981-07-01,77.500,93.800,97.3,.,91.500,87.900,83.400,91.300,95.400
1981-08-01,79.100,94.300,97.8,.,92.500,88.800,84.300,92.200,95.900
1981-09-01,80.900,94.700,98.6,.,93.900,89.500,85.100,93.400,96.100
1981-10-01,82.500,94.800,99.2,.,93.800,90.000,85.900,93.400,96.400
1981-11-01,83.300,95.000,100.5,.,94.000,90.600,86.800,93.800,96.400
1981-12-01,83.600,95.200,101.5,.,94.300,91.300,87.500,94.100,96.700
1982-01-01,84.200,95.500,100.6,.,94.400,91.900,88.200,94.400,96.700
1982-02-01,84.900,96.200,98,.,94.700,92.300,88.800,94.700,97.000
1982-03-01,85.800,96.100,96.6,.,94.200,92.900,89.600,94.600,97.300
1982-04-01,86.700,96.300,94.2,.,95.300,93.200,90.500,95.400,97.500
1982-05-01,87.800,97.100,95.7,.,96.800,93.800,91.300,96.700,97.600
1982-06-01,89.400,98.000,98.4,.,98.000,94.300,92.200,97.700,97.700
1982-07-01,90.100,98.100,99.3,.,98.500,95.000,93.000,98.100,98.100
1982-08-01,90.400,97.900,99.8,.,98.900,95.500,93.900,98.400,98.100
1982-09-01,90.600,98.000,100.3,.,98.400,95.700,94.700,98.200,98.100
1982-10-01,90.900,98.100,101.7,.,98.400,96.500,95.500,98.600,98.300
1982-11-01,91.800,98.200,102.5,.,97.900,97.000,96.500,98.300,98.300
1982-12-01,92.800,98.100,102.8,.,96.500,97.400,97.200,97.500,98.200
1983-01-01,93.300,98.000,99.6,.,97.200,98.000,97.900,98.000,98.600
1983-02-01,94.000,98.200,97.7,.,97.500,98.500,98.800,98.200,99.100
1983-03-01,94.500,98.800,96.8,.,97.600,98.800,99.000,98.300,99.100
1983-04-01,95.000,99.200,98.9,.,98.400,99.300,99.400,98.900,99.300
1983-05-01,95.500,99.500,100.4,.,98.700,99.500,99.900,99.100,99.900
1983-06-01,96.600,99.600,100.6,.,99.000,99.900,100.400,99.300,100.300
1983-07-01,98.200,99.600,100.9,.,99.400,100.200,100.800,99.700,100.900
1983-08-01,100.200,99.600,101.2,.,99.600,100.600,101.400,99.800,101.000
1983-09-01,102.100,100.000,101,.,100.100,101.100,101.800,100.100,100.800
1983-10-01,103.700,100.300,100.8,.,100.300,101.300,102.300,100.400,100.600
1983-11-01,105.500,100.300,100.5,.,100.700,101.700,102.800,100.800,100.900
1983-12-01,106.500,100.600,100,.,101.100,102.100,103.400,101.000,101.100
1984-01-01,107.500,101.900,100.2,.,101.400,102.500,104.000,101.500,101.500
1984-02-01,107.500,102.500,101.4,.,101.800,102.900,105.000,102.100,101.200
1984-03-01,109.100,102.800,101.4,.,102.300,103.500,105.200,102.300,101.300
1984-04-01,110.800,102.800,101.7,.,103.000,104.300,105.800,102.900,101.200
1984-05-01,112.700,102.600,101.6,.,103.200,104.600,106.200,103.100,101.400
1984-06-01,113.800,103.000,100.8,.,103.600,105.100,106.700,103.300,101.300
1984-07-01,114.400,103.200,100.5,.,104.300,105.600,107.200,103.900,101.900
1984-08-01,114.900,103.800,100.1,.,104.700,106.100,107.700,104.200,102.500
1984-09-01,114.800,103.700,100.6,.,105.100,106.500,108.100,104.700,102.700
1984-10-01,114.900,103.900,101.1,.,105.500,107.000,108.700,104.900,103.000
1984-11-01,114.900,104.000,100.8,.,105.800,107.400,109.300,105.100,103.000
1984-12-01,114.900,104.400,100.1,.,106.400,108.100,109.800,105.300,103.100
1985-01-01,115.000,104.500,100.3,.,106.700,108.500,110.200,105.500,103.200
1985-02-01,116.300,105.000,100.3,.,107.400,109.200,110.800,106.000,104.100
1985-03-01,116.700,105.400,101.3,.,107.800,109.700,111.400,106.400,104.500
1985-04-01,116.100,105.300,102.3,.,108.100,110.200,112.000,106.700,104.500
1985-05-01,114.600,105.100,102.2,.,109.200,111.000,112.600,107.400,104.400
1985-06-01,113.500,105.400,102.2,.,109.600,111.600,113.300,107.600,105.100
1985-07-01,112.500,105.400,102.2,.,110.100,112.000,113.900,107.900,105.200
1985-08-01,112.000,105.500,101.2,.,110.800,112.600,114.600,108.300,105.300
1985-09-01,111.800,105.700,101.2,.,111.000,113.000,115.200,108.500,105.500
1985-10-01,111.900,105.900,101.2,.,111.500,113.800,115.800,108.900,105.700
1985-11-01,112.100,106.500,101.8,.,112.300,114.600,116.500,109.500,106.000
1985-12-01,112.600,107.300,102.4,.,112.700,115.000,117.100,109.800,106.100
1986-01-01,112.700,107.500,102.6,.,113.200,115.400,118.000,110.100,106.100
1986-02-01,111.800,107.400,99.5,.,113.500,115.600,118.800,110.000,105.400
1986-03-01,110.800,107.600,92.6,.,114.300,116.400,119.700,110.300,105.000
1986-04-01,109.500,107.800,87.2,.,115.000,117.600,120.400,110.400,105.000
1986-05-01,108.600,108.200,87.2,.,115.200,117.800,121.200,110.400,104.900
1986-06-01,108.100,108.300,88.8,.,115.600,118.200,121.800,110.900,104.900
1986-07-01,107.600,109.100,85.6,.,115.900,118.900,122.500,110.900,105.500
1986-08-01,107.100,110.000,83.6,.,116.300,119.000,123.200,111.100,106.400
1986-09-01,107.400,110.100,84.4,.,116.900,119.400,124.000,111.500,106.900
1986-10-01,107.500,110.400,82.8,.,117.500,120.000,124.700,111.600,106.600
1986-11-01,107.600,111.000,82.1,.,117.800,120.400,125.500,111.600,106.900
1986-12-01,106.900,111.300,82.5,.,118.100,120.700,126.200,111.900,107.200
1987-01-01,106.600,111.900,85.4,.,118.600,121.200,126.700,112.300,108.000
1987-02-01,107.500,112.200,87.4,.,119.100,121.600,127.200,112.700,108.600
1987-03-01,109.500,112.400,87.6,.,119.500,122.000,127.800,113.000,109.200
1987-04-01,111.400,112.600,87.6,.,120.300,122.200,128.600,113.500,109.800
1987-05-01,113.100,113.200,87.1,.,120.700,122.500,129.200,113.800,110.300
1987-06-01,114.100,113.800,88.5,.,121.000,122.500,130.000,114.100,110.300
1987-07-01,115.000,113.700,89.2,.,121.100,123.000,130.600,114.300,110.300
1987-08-01,115.400,113.900,90.5,.,121.900,123.800,131.200,114.900,111.000
1987-09-01,115.700,114.400,90.3,.,122.400,124.200,131.900,115.200,111.600
1987-10-01,115.800,114.600,89.6,.,123.100,124.600,132.400,115.500,112.300
1987-11-01,116.100,114.700,90.0,.,123.400,124.600,133.000,115.800,113.000
1987-12-01,116.400,115.200,89.5,.,124.100,125.500,133.500,116.100,112.700
1988-01-01,115.900,115.600,88.8,.,124.600,125.900,134.400,116.400,113.200
1988-02-01,116.400,115.700,88.7,.,125.100,126.200,135.200,116.800,112.100
1988-03-01,116.900,115.900,88.4,.,125.500,126.600,135.800,117.200,113.400
1988-04-01,117.300,116.500,88.8,.,126.000,126.900,136.700,117.600,115.100
1988-05-01,117.400,116.900,88.5,.,126.300,127.200,137.600,117.900,115.100
1988-06-01,117.600,117.600,88.9,.,126.800,127.600,138.300,118.300,115.500
1988-07-01,117.900,118.800,89.4,.,127.200,127.900,139.100,118.600,115.900
1988-08-01,118.500,119.400,90.1,.,127.800,128.400,139.800,119.000,114.500
1988-09-01,118.900,120.000,89.8,.,128.300,128.900,140.500,119.500,116.300
1988-10-01,119.200,120.300,89.8,.,128.600,129.100,141.400,119.900,117.500
1988-11-01,119.200,120.500,89.8,.,129.200,129.500,142.000,120.200,117.700
1988-12-01,119.700,121.000,89.6,.,129.600,129.900,142.700,120.600,118.200
1989-01-01,121.100,121.500,90.3,128.000,129.800,130.400,143.800,120.900,118.400
1989-02-01,122.300,122.300,90.8,128.600,130.400,130.900,144.900,121.100,117.100
1989-03-01,122.700,123.100,91.8,128.800,131.000,131.200,145.800,121.500,118.100
1989-04-01,122.700,123.700,96.6,129.700,131.400,131.600,146.600,121.900,118.600
1989-05-01,121.700,124.600,97.4,130.500,132.000,132.000,147.500,122.300,118.900
1989-06-01,120.900,124.900,96.9,132.000,132.400,132.600,148.600,122.700,118.700
1989-07-01,120.100,125.400,96.7,133.000,133.200,133.000,149.600,123.300,118.300
1989-08-01,119.100,125.700,94.9,133.800,133.700,133.500,150.600,123.700,117.100
1989-09-01,118.600,126.100,93.8,134.100,133.900,133.700,151.800,123.800,118.700
1989-10-01,118.400,126.700,94.4,134.800,134.800,134.400,152.800,124.500,119.600
1989-11-01,118.600,127.200,93.9,134.400,135.400,135.000,154.100,124.900,120.000
1989-12-01,119.200,127.700,94.2,133.100,136.000,135.300,154.900,125.400,119.800
1990-01-01,119.200,129.400,98.9,134.800,136.300,135.800,156.000,126.100,119.900
1990-02-01,118.700,130.500,98.2,138.200,136.600,136.100,157.100,126.200,122.000
1990-03-01,118.500,130.700,97.6,141.000,137.600,136.700,158.300,126.800,123.800
1990-04-01,118.200,130.600,97.5,144.100,138.200,137.200,159.600,127.100,124.100
1990-05-01,117.600,130.900,96.7,145.900,138.600,137.600,160.800,127.300,124.000
1990-06-01,117.300,131.800,97.3,147.900,139.600,138.200,162.000,128.100,124.200
1990-07-01,117.500,132.500,97.1,148.800,140.700,138.700,163.400,128.700,124.200
1990-08-01,117.200,132.900,101.6,149.900,141.800,139.300,164.800,129.700,124.500
1990-09-01,117.200,133.300,106.5,152.800,142.100,139.700,165.900,130.200,125.400
1990-10-01,116.800,133.800,110.8,156.600,142.400,140.200,167.300,130.600,125.400
1990-11-01,115.400,134.200,111.2,159.300,142.600,140.500,168.700,130.800,125.400
1990-12-01,116.300,134.300,111.0,162.800,143.200,141.000,169.800,131.000,126.200
1991-01-01,116.600,135.200,108.5,163.200,144.200,141.200,171.000,132.000,126.900
1991-02-01,116.600,135.700,104.5,164.500,144.500,141.600,172.100,132.400,127.300
1991-03-01,116.800,135.900,101.9,159.400,144.800,142.100,173.200,132.600,127.000
1991-04-01,117.200,136.600,101.2,151.900,145.200,142.600,174.300,132.700,127.500
1991-05-01,117.900,137.100,102.1,151.600,145.600,143.000,175.200,133.100,128.000
1991-06-01,118.400,137.800,101.1,153.900,145.900,143.200,176.400,133.200,127.900
1991-07-01,119.400,137.200,100.7,153.800,146.400,143.700,177.400,133.600,128.700
1991-08-01,118.700,136.800,101.1,155.800,146.700,143.700,178.800,133.800,129.900
1991-09-01,118.400,137.000,101.5,153.300,147.200,144.400,179.900,134.300,130.000
1991-10-01,118.600,136.900,101.6,150.200,147.700,144.400,180.900,134.700,130.100
1991-11-01,119.000,137.400,102.4,150.600,148.200,144.800,181.900,135.200,131.000
1991-12-01,119.100,137.600,103.1,153.100,148.900,145.100,183.100,135.600,130.700
1992-01-01,118.600,137.300,101.5,156.000,149.400,145.400,184.300,135.900,130.900
1992-02-01,118.000,137.800,101.2,154.700,149.600,145.700,185.600,136.100,131.000
1992-03-01,118.600,138.300,101.2,158.800,150.000,146.500,186.800,136.400,131.300
1992-04-01,120.200,138.200,101.4,160.700,150.200,146.200,187.900,136.700,130.700
1992-05-01,121.300,138.100,102.0,155.500,150.600,146.500,188.700,136.900,131.600
1992-06-01,122.500,138.400,103.3,145.400,151.100,146.700,189.600,137.400,132.100
1992-07-01,123.500,138.300,103.7,150.100,151.400,147.000,190.600,137.700,132.700
1992-08-01,125.000,139.100,103.5,147.800,151.700,147.000,191.500,137.900,132.300
1992-09-01,126.200,139.700,103.6,146.100,151.800,147.100,192.400,138.100,132.200
1992-10-01,127.400,139.700,104.3,157.600,152.500,147.900,193.500,138.600,132.500
1992-11-01,128.300,139.600,105.1,164.500,152.900,148.400,194.500,139.000,132.700
1992-12-01,128.000,139.600,105.3,165.700,153.200,148.500,195.300,139.200,132.800
1993-01-01,127.400,140.000,105.0,170.700,153.800,148.900,196.400,139.600,132.800
1993-02-01,126.000,140.400,104.3,174.400,154.100,149.100,197.400,139.600,134.000
1993-03-01,126.600,140.400,104.9,173.400,154.300,149.100,198.100,140.000,134.000
1993-04-01,128.700,140.800,104.9,172.100,155.000,149.700,199.100,140.600,134.000
1993-05-01,131.500,141.700,104.3,176.300,155.300,150.000,200.500,140.800,133.500
1993-06-01,134.300,141.400,103.9,174.700,155.800,150.400,201.300,141.200,133.000
1993-07-01,136.100,141.400,103.4,179.600,155.900,150.400,202.200,141.300,132.800
1993-08-01,137.500,141.900,103.4,179.800,156.200,150.800,202.800,141.700,134.000
1993-09-01,138.700,142.100,103.0,180.800,156.500,151.000,203.600,142.000,133.700
1993-10-01,139.800,142.700,105.3,180.800,156.900,151.300,204.500,142.300,133.800
1993-11-01,140.700,143.000,104.4,188.300,157.300,151.500,205.100,142.600,134.400
1993-12-01,139.300,143.500,103.7,193.800,157.800,151.900,205.800,143.000,134.100
1994-01-01,136.800,143.600,102.8,191.500,158.200,152.200,206.400,143.200,133.300
1994-02-01,134.100,143.400,104.1,191.800,158.800,152.700,207.200,143.700,133.200
1994-03-01,133.600,143.400,104.3,195.500,159.400,153.200,207.900,144.100,133.800
1994-04-01,135.300,143.700,103.7,192.300,159.500,153.300,209.000,144.000,133.500
1994-05-01,137.900,144.000,102.8,182.100,159.900,153.400,209.700,144.400,134.000
1994-06-01,140.900,144.400,103.1,182.300,160.100,153.500,210.500,144.600,134.800
1994-07-01,142.600,145.200,104.5,184.700,160.400,154.000,211.300,144.800,134.200
1994-08-01,144.000,145.600,106.7,187.400,161.200,154.500,212.200,145.300,133.200
1994-09-01,145.400,145.800,106.1,185.200,161.600,155.000,213.100,145.500,133.600
1994-10-01,147.700,145.800,105.7,179.900,162.100,155.100,214.100,145.700,133.000
1994-11-01,150.100,146.200,106.1,177.800,162.600,155.500,215.000,146.000,132.500
1994-12-01,151.500,147.200,105.9,175.300,162.500,155.700,215.900,146.000,132.100
1995-01-01,152.400,147.200,105.7,179.500,163.100,156.100,216.600,146.600,132.200
1995-02-01,153.300,147.700,105.8,181.400,163.500,156.300,217.400,146.900,131.900
1995-03-01,154.800,147.500,105.5,188.500,164.000,156.600,218.100,147.200,132.200
1995-04-01,156.700,148.500,105.6,191.200,164.500,157.000,218.600,147.600,131.900
1995-05-01,157.700,148.700,105.8,191.200,165.100,157.300,219.200,147.900,131.600
1995-06-01,158.300,148.800,106.7,200.400,165.500,157.600,219.900,148.200,131.300
1995-07-01,157.500,149.000,105.8,199.200,166.000,158.000,220.600,148.600,131.400
1995-08-01,157.000,149.100,105.6,191.600,166.300,158.200,221.600,149.000,132.500
1995-09-01,156.500,149.600,104.1,189.700,166.900,158.500,222.400,149.200,132.300
1995-10-01,157.200,150.000,104.4,193.700,167.400,158.800,223.000,149.800,132.400
1995-11-01,157.800,150.000,103.4,191.500,167.900,159.200,223.700,150.000,132.000
1995-12-01,158.200,150.300,104.4,178.400,168.200,159.600,224.300,150.300,132.200
1996-01-01,158.100,150.800,106.9,179.400,168.700,159.900,225.200,150.900,132.700
1996-02-01,158.400,151.200,107.1,188.400,169.100,160.300,225.700,151.200,132.200
1996-03-01,159.100,151.900,108.3,187.900,169.600,160.600,226.200,151.600,132.600
1996-04-01,158.100,152.500,111.2,187.700,169.900,160.900,226.800,151.900,131.800
1996-05-01,157.400,152.400,112.0,189.200,170.400,161.300,227.400,152.300,131.800
1996-06-01,156.700,153.300,110.3,192.100,170.700,161.800,228.000,152.400,131.600
1996-07-01,156.700,153.800,110.1,192.900,171.400,162.300,228.600,153.000,131.300
1996-08-01,156.600,154.300,109.7,190.900,171.800,162.500,229.100,153.400,130.600
1996-09-01,156.800,155.000,109.8,196.000,172.100,162.900,229.700,153.700,131.300
1996-10-01,156.200,155.900,110.5,200.100,172.500,163.200,230.300,154.000,131.300
1996-11-01,155.700,156.400,111.8,200.100,173.000,163.600,231.000,154.400,131.600
1996-12-01,154.900,156.600,113.9,204.700,173.100,163.900,231.200,154.700,131.900
1997-01-01,154.800,156.300,115.2,198.100,173.800,164.300,231.800,155.300,132.300
1997-02-01,154.700,156.900,115.0,192.900,174.300,164.700,232.200,155.700,133.000
1997-03-01,155.000,157.000,113.0,201.600,174.600,165.100,233.000,155.700,132.400
1997-04-01,154.300,157.000,111.0,204.100,175.100,165.600,233.500,156.000,133.000
1997-05-01,153.500,157.100,108.8,201.500,175.600,166.000,234.100,156.200,133.300
1997-06-01,151.600,157.400,110.0,199.100,176.000,166.500,234.400,156.600,133.100
1997-07-01,150.100,157.700,109.1,203.600,176.500,166.900,234.700,156.900,133.300
1997-08-01,149.000,158.200,110.9,194.000,177.000,167.300,235.100,157.100,132.700
1997-09-01,148.200,158.400,112.4,198.000,177.400,167.800,235.500,157.500,132.900
1997-10-01,147.300,158.700,111.8,205.500,177.900,168.200,236.100,157.800,132.700
1997-11-01,147.000,159.000,111.4,197.500,178.400,168.600,236.900,158.300,132.700
1997-12-01,147.400,159.200,109.8,194.800,178.900,169.000,237.800,158.400,133.000
1998-01-01,148.100,159.900,107.5,200.100,179.400,169.400,238.100,158.700,133.100
1998-02-01,148.700,159.900,105.1,206.600,179.800,169.800,238.800,158.800,133.000
1998-03-01,148.400,160.100,103.3,210.700,180.300,170.300,239.400,159.200,132.700
1998-04-01,148.900,160.200,102.4,210.100,180.800,170.800,240.300,159.600,132.300
1998-05-01,149.900,160.700,103.2,205.000,181.400,171.300,241.200,160.000,132.700
1998-06-01,150.800,160.600,103.6,200.900,181.800,171.800,241.800,160.200,133.300
1998-07-01,151.400,161.000,103.3,207.300,182.100,172.300,242.500,160.500,133.500
1998-08-01,151.400,161.400,102.1,207.800,182.800,172.900,243.300,160.800,135.100
1998-09-01,151.600,161.500,101.3,206.000,183.400,173.400,244.100,161.100,133.100
1998-10-01,152.000,162.400,101.5,205.200,184.000,173.900,244.800,161.500,132.700
1998-11-01,153.000,162.700,101.1,200.800,184.500,174.400,245.300,161.900,132.700
1998-12-01,152.400,162.800,100.1,202.800,185.000,174.800,245.900,162.200,132.000
1999-01-01,150.600,163.400,99.7,206.400,185.100,175.200,246.500,162.200,131.500
1999-02-01,148.300,163.800,99.2,211.400,185.300,175.500,247.300,162.400,130.800
1999-03-01,147.400,163.700,100.4,221.300,185.700,175.900,247.900,162.700,130.400
1999-04-01,148.300,163.900,105.5,225.800,186.300,176.400,248.700,163.100,131.700
1999-05-01,149.600,164.200,104.9,220.200,186.600,176.800,249.300,163.300,131.700
1999-06-01,150.900,164.100,104.5,209.700,187.000,177.200,250.000,163.600,131.700
1999-07-01,152.300,164.400,106.7,223.300,187.500,177.600,250.900,164.000,131.500
1999-08-01,153.800,164.700,109.5,217.200,187.800,178.000,251.700,164.300,130.900
1999-09-01,155.700,165.100,111.8,213.600,188.400,178.500,252.500,164.900,131.200
1999-10-01,156.400,165.500,112.0,224.900,188.600,178.800,253.100,165.100,131.400
1999-11-01,156.100,165.800,111.5,226.400,189.200,179.700,253.900,165.500,131.000
1999-12-01,155.000,166.000,113.8,224.900,189.500,180.100,254.900,165.700,131.300
2000-01-01,153.900,166.100,115.0,221.800,190.600,180.900,255.600,166.500,130.700
2000-02-01,153.000,166.700,118.8,230.200,190.900,181.300,256.500,167.300,130.400
2000-03-01,153.000,167.100,124.3,240.700,191.600,181.900,257.700,167.700,130.300
2000-04-01,154.000,167.200,120.9,239.500,191.900,182.300,258.400,167.900,129.800
2000-05-01,155.400,167.800,120.0,241.300,192.400,182.800,259.200,168.300,129.700
2000-06-01,155.700,168.000,126.8,245.000,193.100,183.400,260.300,169.200,129.300
2000-07-01,155.300,168.800,127.3,246.800,193.600,184.100,261.200,169.900,128.900
2000-08-01,155.200,169.300,123.8,250.400,194.100,184.800,262.400,170.200,128.900
2000-09-01,156.200,169.400,129.2,244.900,194.700,185.400,263.300,171.100,129.500
2000-10-01,157.900,169.600,129.6,236.300,195.300,186.100,264.100,171.800,129.200
2000-11-01,159.300,169.700,129.2,238.000,195.800,186.700,264.700,172.200,129.200
2000-12-01,160.200,170.500,130.1,238.200,196.100,187.400,265.600,172.800,129.100
2001-01-01,160.400,170.900,135.0,239.000,196.800,188.000,267.200,174.500,129.400
2001-02-01,160.400,171.700,134.1,242.000,197.500,188.700,268.300,174.900,129.600
2001-03-01,159.900,172.200,131.7,238.600,198.300,189.500,269.400,175.300,129.500
2001-04-01,159.700,172.600,132.3,235.500,198.800,190.200,270.400,175.400,128.200
2001-05-01,159.100,172.900,138.4,237.500,199.600,191.100,271.300,176.100,127.400
2001-06-01,158.900,173.500,136.9,249.300,200.500,191.800,272.400,176.800,127.400
2001-07-01,158.300,174.100,129.6,248.800,200.900,192.500,272.800,176.800,127.300
2001-08-01,158.000,174.500,127.3,244.300,201.800,193.200,274.300,177.100,126.400
2001-09-01,157.300,174.700,130.9,242.500,202.000,194.000,275.200,177.000,125.800
2001-10-01,157.800,175.300,122.9,236.400,202.500,194.700,276.300,176.900,125.800
2001-11-01,157.400,175.400,116.9,230.000,203.500,195.400,277.400,177.500,125.400
2001-12-01,157.200,175.200,113.9,229.000,204.300,196.200,278.200,177.900,124.900
2002-01-01,155.600,175.800,114.2,236.700,205.100,196.800,279.800,178.300,124.400
2002-02-01,153.900,176.200,113.5,235.300,206.000,197.500,280.400,178.700,124.600
2002-03-01,152.100,176.600,117.6,233.300,206.300,198.100,281.400,179.000,125.300
2002-04-01,151.800,176.900,121.5,234.500,207.000,198.500,282.700,179.500,125.100
2002-05-01,151.800,176.400,121.9,237.700,207.400,198.900,283.900,179.800,124.600
2002-06-01,152.200,176.500,121.6,231.300,207.800,199.500,284.600,180.000,123.900
2002-07-01,152.700,176.700,122.4,227.500,208.200,200.000,286.400,180.200,123.500
2002-08-01,153.400,176.700,123.1,230.200,208.900,200.300,287.200,180.700,124.300
2002-09-01,152.200,177.000,123.7,228.700,209.400,200.800,288.100,181.100,123.400
2002-10-01,150.700,177.000,126.9,225.700,209.700,201.300,289.800,181.500,123.000
2002-11-01,148.800,177.500,126.7,227.800,210.400,201.900,291.200,182.000,123.100
2002-12-01,148.500,177.700,127.1,230.000,210.800,202.400,292.100,182.300,122.700
2003-01-01,148.300,177.700,133.500,228.700,211.500,203.200,292.700,182.900,122.100
2003-02-01,148.400,178.700,140.800,228.500,211.600,203.500,293.000,183.400,121.800
2003-03-01,148.500,179.000,143.900,230.700,211.500,204.000,293.400,184.200,120.700
2003-04-01,148.400,179.100,136.500,229.400,211.600,204.500,294.000,184.000,120.300
2003-05-01,147.900,179.400,129.400,230.000,212.600,205.000,295.200,184.600,120.000
2003-06-01,147.400,180.300,129.800,231.300,212.600,205.300,296.100,184.600,120.600
2003-07-01,145.700,180.400,132.200,232.600,213.200,205.800,297.400,184.900,121.100
2003-08-01,143.300,181.100,137.8,233.400,213.600,206.200,298.300,185.200,120.800
2003-09-01,139.000,181.500,142.900,233.200,214.000,206.700,299.800,185.500,120.900
2003-10-01,135.100,182.200,137.800,234.300,214.700,206.900,300.400,185.900,121.100
2003-11-01,132.000,183.100,136.900,232.500,215.100,207.400,301.400,186.000,120.800
2003-12-01,131.000,184.000,138.800,230.400,215.500,207.700,303.000,186.400,120.200
2004-01-01,131.800,183.900,143.900,232.500,215.900,208.100,303.800,186.900,120.100
2004-02-01,131.800,184.300,145.800,232.400,215.800,208.600,305.200,187.100,120.100
2004-03-01,131.800,184.700,145.100,231.700,217.000,209.100,306.500,187.700,120.400
2004-04-01,131.600,185.100,143.400,230.800,217.800,209.700,307.800,188.300,120.600
2004-05-01,131.800,186.500,147.600,227.200,218.500,210.300,308.600,188.900,120.900
2004-06-01,129.900,186.900,151.500,224.900,218.900,210.900,309.800,189.500,121.200
2004-07-01,130.900,187.300,151.100,223.500,219.300,211.400,310.800,189.900,121.000
2004-08-01,132.000,187.500,151.500,220.400,219.600,212.000,311.800,190.300,120.300
2004-09-01,135.500,187.400,152.900,220.700,220.400,212.500,312.900,190.800,120.000
2004-10-01,136.700,188.300,158.600,223.800,220.700,212.800,314.000,191.200,120.300
2004-11-01,137.700,188.900,163.800,230.900,220.900,213.100,314.700,191.800,120.600
2004-12-01,138.400,188.900,162.300,227.900,221.300,213.700,315.800,192.100,119.800
2005-01-01,138.600,189.100,157.200,224.900,221.700,214.300,316.900,192.300,120.300
2005-02-01,138.400,189.200,161.800,225.000,222.500,214.900,318.400,193.000,120.000
2005-03-01,138.300,189.600,163.500,228.600,223.700,215.400,319.700,193.900,120.500
2005-04-01,138.400,190.800,166.700,233.900,223.700,216.000,320.700,194.300,119.900
2005-05-01,138.800,191.000,163.300,236.900,223.800,216.500,321.800,194.600,119.900
2005-06-01,139.300,191.000,163.700,237.900,224.000,217.000,322.800,194.600,119.400
2005-07-01,139.900,191.400,172.800,239.700,224.600,217.700,324.100,195.400,119.000
2005-08-01,140.100,191.500,183.500,240.000,224.900,218.100,324.200,195.900,119.500
2005-09-01,140.300,191.900,208.200,240.900,224.600,218.700,325.300,196.800,119.100
2005-10-01,140.200,192.400,205.900,243.900,225.800,219.300,326.900,198.700,119.000
2005-11-01,140.300,193.000,191.000,244.500,226.500,219.900,328.700,199.500,119.200
2005-12-01,140.200,193.300,187.600,242.000,227.100,220.300,329.200,199.600,118.600
2006-01-01,140.300,194.100,196.600,244.600,227.500,220.800,329.600,200.500,118.900
2006-02-01,140.400,194.200,194.100,244.400,228.300,221.500,331.200,200.800,117.800
2006-03-01,140.800,194.400,192.000,244.700,229.300,222.200,332.600,201.200,119.100
2006-04-01,141.000,194.300,198.500,245.700,230.100,222.900,333.800,201.600,119.600
2006-05-01,141.100,194.700,199.800,250.100,231.000,223.700,335.000,202.300,119.900
2006-06-01,141.000,195.300,199.800,251.500,231.900,224.600,336.000,202.800,120.100
2006-07-01,140.700,195.700,207.900,252.900,232.700,225.400,336.900,203.400,119.000
2006-08-01,140.400,196.200,211.900,253.200,233.500,226.300,338.100,204.100,119.800
2006-09-01,139.900,196.800,198.100,252.000,234.000,227.200,339.100,204.700,120.200
2006-10-01,139.000,197.400,184.100,248.100,235.000,228.000,340.000,204.800,119.800
2006-11-01,138.300,197.400,184.100,239.100,235.800,228.800,340.800,205.500,119.400
2006-12-01,137.200,197.500,192.700,239.400,236.500,229.800,341.200,206.200,119.800
2007-01-01,136.169,198.813,190.281,245.422,237.255,230.547,343.579,206.788,119.860
2007-02-01,135.533,200.126,192.310,248.365,238.107,231.546,345.350,207.536,120.237
2007-03-01,135.201,200.853,200.206,249.249,238.538,232.349,345.899,208.119,119.797
2007-04-01,134.995,201.392,203.307,248.959,239.140,232.960,347.320,208.518,119.331
2007-05-01,134.653,202.157,208.635,248.001,239.637,233.656,348.491,208.883,119.166
2007-06-01,134.570,202.977,209.799,248.319,240.345,234.283,349.513,209.561,118.576
2007-07-01,134.748,203.640,209.639,249.275,240.843,234.996,351.719,209.743,118.449
2007-08-01,135.255,204.418,206.412,249.240,241.450,235.524,353.376,210.004,117.901
2007-09-01,136.022,205.347,210.742,251.882,242.037,236.239,354.531,210.500,118.023
2007-10-01,136.707,205.988,212.386,257.047,242.581,237.180,356.343,211.057,118.435
2007-11-01,137.559,206.789,223.814,261.014,243.305,238.063,357.750,211.864,118.737
2007-12-01,137.855,207.141,225.649,264.299,243.979,238.873,358.908,212.418,119.350
2008-01-01,138.938,208.392,226.775,266.547,244.564,239.517,360.463,212.873,119.438
2008-02-01,138.818,209.183,229.731,266.220,244.926,240.080,360.750,213.377,118.904
2008-03-01,138.541,209.595,233.349,274.246,245.659,240.680,361.533,214.422,118.399
2008-04-01,137.659,211.368,234.778,274.173,245.608,241.437,362.072,214.997,118.729
2008-05-01,136.393,212.204,243.924,283.328,245.902,241.927,362.658,215.866,118.716
2008-06-01,135.020,213.452,262.081,294.645,246.406,242.882,363.671,216.864,118.501
2008-07-01,133.709,215.449,271.149,300.857,246.863,243.675,364.156,218.014,119.006
2008-08-01,132.535,216.530,262.566,302.057,247.208,244.475,364.977,218.053,119.736
2008-09-01,131.176,217.749,260.125,295.708,247.723,245.175,365.841,217.836,119.618
2008-10-01,129.407,218.632,238.065,284.760,247.995,245.914,366.530,217.705,118.799
2008-11-01,128.048,219.079,195.155,272.217,248.486,246.556,367.459,217.585,118.867
2008-12-01,127.323,219.151,176.583,266.716,248.508,246.992,368.748,217.469,118.119
2009-01-01,126.668,219.323,178.661,263.284,248.963,247.563,369.824,217.631,117.967
2009-02-01,124.405,219.058,183.721,256.319,249.087,247.994,370.853,217.563,119.888
2009-03-01,122.210,218.682,178.415,252.471,249.360,248.396,371.705,217.458,120.368
2009-04-01,121.887,218.372,177.552,248.828,249.579,248.837,373.077,217.304,120.182
2009-05-01,122.533,218.053,179.830,246.273,249.643,249.204,374.359,216.990,120.038
2009-06-01,123.236,218.092,197.033,244.658,249.492,249.381,375.177,216.955,120.276
2009-07-01,122.844,217.725,195.778,252.107,249.149,249.343,376.001,216.581,119.984
2009-08-01,125.011,217.738,201.583,254.411,249.519,249.359,377.091,216.729,120.236
2009-09-01,127.631,217.664,202.777,260.944,249.415,249.261,378.359,216.680,120.779
2009-10-01,132.475,217.881,204.719,267.042,249.643,248.959,379.291,216.942,120.500
2009-11-01,135.730,218.055,210.932,273.984,249.211,248.778,380.450,216.962,120.007
2009-12-01,139.376,218.341,209.915,277.350,249.219,248.667,381.111,216.899,120.441
2010-01-01,142.829,218.855,212.807,273.454,248.034,248.721,382.742,216.206,119.910
2010-02-01,143.173,218.898,209.624,270.971,247.997,248.717,384.308,216.042,120.184
2010-03-01,142.377,219.321,209.326,271.311,247.914,248.854,385.712,216.146,120.225
2010-04-01,141.680,219.531,209.219,273.533,247.959,248.962,386.589,216.092,119.646
2010-05-01,140.952,219.651,206.631,275.820,248.128,249.066,387.094,216.128,119.648
2010-06-01,141.951,219.627,203.764,277.651,248.295,249.327,388.188,216.060,119.623
2010-07-01,142.512,219.643,206.877,279.192,248.430,249.458,388.123,216.214,119.322
2010-08-01,143.420,219.879,208.770,279.262,248.430,249.346,389.059,216.254,118.960
2010-09-01,144.032,220.598,209.832,278.873,248.568,249.663,391.288,216.234,119.210
2010-10-01,144.313,220.911,216.710,279.580,248.692,249.660,391.926,216.359,118.917
2010-11-01,144.751,221.315,219.496,286.247,248.993,250.182,392.535,216.484,119.027
2010-12-01,145.669,221.556,227.130,293.446,249.284,250.641,393.514,216.823,119.223
2011-01-01,146.478,222.735,229.258,301.088,249.621,251.142,394.072,217.061,119.820
2011-02-01,146.182,223.734,232.068,304.572,249.924,251.516,395.518,217.443,119.904
2011-03-01,145.646,225.337,240.079,306.515,250.158,251.905,396.290,217.794,119.739
2011-04-01,145.542,226.180,247.977,302.541,250.412,252.203,397.701,218.186,120.037
2011-05-01,146.476,227.045,250.744,292.694,250.660,252.584,398.721,218.521,121.146
2011-06-01,148.518,227.603,245.534,294.743,251.178,252.986,399.416,218.808,121.710
2011-07-01,149.971,228.473,246.187,304.773,251.834,253.423,400.539,219.386,122.547
2011-08-01,151.312,229.577,246.880,316.044,252.329,254.295,401.387,219.802,123.551
2011-09-01,151.677,230.561,248.550,314.655,252.668,254.895,402.202,220.152,123.244
2011-10-01,151.986,230.776,246.655,306.827,253.184,255.651,404.068,220.447,123.775
2011-11-01,152.187,230.976,247.640,297.966,253.619,256.207,405.751,220.685,124.762
2011-12-01,152.083,231.392,243.353,307.069,254.150,256.800,407.230,220.966,124.865
2012-01-01,151.106,232.131,244.876,308.335,254.512,257.267,408.394,221.096,125.399
2012-02-01,149.893,232.103,248.898,306.081,254.951,257.842,408.890,221.299,125.075
2012-03-01,149.265,232.502,249.742,308.237,255.474,258.335,410.257,221.579,125.850
2012-04-01,150.053,232.934,249.677,304.810,256.056,258.977,411.475,221.992,126.432
2012-05-01,151.587,233.127,241.806,294.883,256.451,259.481,412.864,222.069,126.663
2012-06-01,152.263,233.624,235.897,287.712,256.813,259.893,415.289,222.319,126.248
2012-07-01,151.970,233.752,233.568,302.202,257.153,260.476,417.004,222.508,125.935
2012-08-01,150.871,234.108,244.987,312.195,257.647,260.999,417.555,223.031,125.333
2012-09-01,149.647,234.286,252.987,312.078,258.233,261.620,418.453,223.463,126.386
2012-10-01,148.986,234.694,256.017,308.022,258.816,262.631,419.070,223.949,127.291
2012-11-01,148.932,235.100,248.819,301.966,259.216,263.137,419.509,224.504,127.191
2012-12-01,149.243,235.521,244.708,316.876,259.644,263.669,420.321,224.757,127.289
2013-01-01,149.741,235.860,245.025,320.958,260.142,264.245,421.114,225.106,128.076
2013-02-01,149.789,235.903,255.696,316.620,260.719,264.904,421.601,225.580,128.134
2013-03-01,148.912,236.130,246.595,322.645,261.176,265.603,423.089,225.769,126.970
2013-04-01,148.577,236.574,240.473,310.843,261.679,266.094,423.025,226.299,126.905
2013-05-01,148.501,236.387,240.468,298.615,262.263,266.841,422.316,226.949,126.916
2013-06-01,148.742,236.912,242.711,296.647,262.797,267.451,424.286,227.324,126.995
2013-07-01,149.058,237.133,242.986,311.074,263.239,267.870,425.008,227.579,127.645
2013-08-01,149.539,237.407,244.833,317.280,263.860,268.837,427.168,227.911,127.412
2013-09-01,150.458,237.464,242.745,316.426,264.321,269.315,428.290,228.354,127.281
2013-10-01,151.248,237.693,241.954,315.445,264.684,269.822,428.586,228.584,126.988
2013-11-01,151.993,237.895,242.718,315.808,265.496,270.387,428.485,229.119,127.333
2013-12-01,152.457,238.133,245.733,314.891,266.228,271.220,428.622,229.623,128.577
2014-01-01,151.535,238.417,250.340,304.438,266.892,271.918,429.989,230.520,127.882
2014-02-01,150.718,239.247,249.925,302.328,267.481,272.461,431.137,231.084,127.279
2014-03-01,149.641,240.240,249.961,305.804,268.287,273.341,432.211,232.119,127.439
2014-04-01,149.217,240.995,249.864,307.536,268.923,274.255,433.260,232.014,127.475
2014-05-01,149.006,242.107,249.213,314.119,269.715,275.013,434.262,232.785,127.773
2014-06-01,148.921,242.345,249.714,314.699,270.149,275.819,435.187,233.117,127.982
2014-07-01,149.216,242.883,248.744,311.679,270.891,276.663,435.864,233.695,127.942
2014-08-01,149.472,243.505,245.699,309.923,271.493,277.319,436.041,233.928,127.357
2014-09-01,149.859,244.148,241.610,306.111,272.118,278.149,437.091,234.234,127.813
2014-10-01,148.954,244.500,237.061,307.357,272.730,278.797,437.758,234.656,127.761
2014-11-01,147.488,245.106,229.016,305.983,273.436,279.758,439.408,235.000,127.254
2014-12-01,145.830,245.840,218.536,301.037,273.997,280.383,441.464,235.425,126.637
2015-01-01,144.875,245.764,199.926,295.273,274.762,281.223,441.351,235.735,126.129
2015-02-01,147.264,246.056,203.021,293.524,275.470,282.171,441.101,236.200,125.960
2015-03-01,147.694,245.685,205.757,290.945,276.258,283.056,442.943,236.602,126.626
2015-04-01,148.404,245.615,203.577,285.424,277.003,283.786,445.822,237.086,126.390
2015-05-01,149.290,245.886,208.973,293.265,277.524,284.559,446.743,237.210,125.831
2015-06-01,149.480,246.511,212.015,298.839,278.284,285.477,446.330,237.804,125.510
2015-07-01,149.078,246.733,211.623,294.099,279.329,286.435,446.953,238.334,125.689
2015-08-01,148.295,247.295,208.579,291.307,279.921,287.320,446.612,238.700,126.166
2015-09-01,147.554,247.984,197.246,287.452,280.737,288.385,447.648,239.236,126.011
2015-10-01,146.397,248.288,195.616,291.034,281.429,289.236,450.681,239.593,125.323
2015-11-01,144.850,248.075,195.114,293.715,282.129,289.953,452.225,240.001,125.724
2015-12-01,143.955,247.761,190.143,291.963,282.779,290.723,452.732,240.224,126.042
2016-01-01,144.638,247.967,185.235,289.611,283.714,291.700,454.194,240.673,124.999
2016-02-01,143.979,248.244,176.401,286.419,284.502,292.617,456.922,241.124,125.898
2016-03-01,143.659,247.699,182.234,286.501,285.122,293.471,457.723,241.587,125.843
2016-04-01,145.475,247.906,186.713,291.228,285.853,294.397,459.245,242.071,125.782
2016-05-01,146.416,247.575,188.596,288.805,286.855,295.371,460.487,242.833,126.707
2016-06-01,144.887,247.420,192.899,290.014,287.819,296.306,462.090,243.515,126.276
2016-07-01,143.270,247.406,189.046,280.880,288.524,297.192,464.439,244.224,125.881
2016-08-01,142.803,247.479,188.772,278.139,289.367,298.029,469.020,244.911,126.148
2016-09-01,144.851,247.528,192.243,275.578,290.369,299.035,469.816,245.755,125.914
2016-10-01,142.217,247.596,195.979,270.900,291.378,300.215,469.749,246.480,126.521
2016-11-01,139.975,247.525,196.372,272.902,292.227,301.223,469.914,246.985,126.605
2016-12-01,139.457,247.530,199.513,277.919,293.066,302.271,470.539,247.543,126.185
2017-01-01,138.761,247.900,205.369,280.879,293.769,303.156,471.484,248.164,126.044
2017-02-01,138.713,248.513,204.133,282.923,294.543,304.060,473.139,248.807,126.058
2017-03-01,139.232,249.020,202.528,284.341,295.012,304.888,473.685,249.098,126.397
2017-04-01,138.596,249.381,202.954,285.005,295.741,305.692,473.007,249.800,126.301
2017-05-01,138.601,249.711,198.449,279.718,296.461,306.720,472.981,250.408,125.651
2017-06-01,137.691,249.519,197.808,277.107,297.215,307.681,474.492,250.933,125.508
2017-07-01,136.872,249.937,195.994,274.970,297.676,308.490,476.279,251.210,125.368
2017-08-01,136.875,250.210,201.450,270.846,298.904,309.608,477.199,252.086,125.390
2017-09-01,135.033,250.587,212.723,268.659,299.711,310.346,477.190,252.603,125.759
2017-10-01,137.803,250.816,208.328,268.229,300.814,311.330,477.671,253.292,125.961
2017-11-01,138.261,250.996,213.047,266.421,301.430,312.295,477.791,253.798,125.024
2017-12-01,138.123,251.490,213.574,267.054,302.428,313.462,478.891,254.575,124.234
2018-01-01,138.416,251.999,216.872,266.031,303.205,314.500,480.810,255.098,124.873
2018-02-01,137.953,252.029,220.381,267.193,303.769,315.142,481.556,255.798,126.026
2018-03-01,137.431,252.198,216.925,268.319,304.799,315.904,483.055,256.469,126.731
2018-04-01,137.273,252.802,218.268,266.963,305.689,316.955,483.512,257.174,127.526
2018-05-01,137.842,252.776,220.632,264.419,306.798,317.803,484.460,257.876,127.645
2018-06-01,137.618,253.078,221.473,263.455,307.204,318.634,486.165,258.034,126.395
2018-07-01,138.331,253.444,219.758,264.041,308.049,319.661,485.236,258.615,125.603
2018-08-01,139.086,253.760,222.435,265.350,308.979,320.777,484.268,259.405,123.484
2018-09-01,137.544,254.084,223.444,265.828,309.551,321.618,485.461,259.628,125.057
2018-10-01,138.797,253.924,226.462,263.636,310.426,322.483,485.772,260.436,125.764
2018-11-01,140.295,254.606,219.267,260.583,311.279,323.620,487.587,261.085,124.934
2018-12-01,140.068,255.475,212.633,258.555,312.194,324.401,488.555,262.113,124.134
2019-01-01,140.706,256.146,205.540,257.971,313.004,325.322,489.949,262.525,124.547
2019-02-01,139.499,256.978,208.699,261.852,314.017,326.231,490.006,263.131,124.592
2019-03-01,138.051,257.435,216.376,262.738,315.069,327.527,491.324,263.955,123.959
2019-04-01,138.355,257.161,221.758,264.583,316.199,328.835,492.855,264.605,124.035
2019-05-01,138.227,257.701,219.680,269.956,317.051,329.610,494.658,265.111,123.977
2019-06-01,139.334,257.766,214.666,269.299,317.953,330.937,495.692,265.823,124.879
2019-07-01,140.365,257.928,215.850,266.420,318.734,331.911,497.582,266.440,124.852
2019-08-01,141.969,258.098,213.169,267.665,319.332,332.782,500.784,266.809,124.554
2019-09-01,141.120,258.590,213.122,269.935,320.419,333.928,502.304,267.555,124.644
2019-10-01,140.779,259.025,216.620,265.475,320.861,334.554,506.640,267.950,123.188
2019-11-01,139.674,259.485,217.435,262.867,321.629,335.478,508.357,268.488,123.223
2019-12-01,139.097,259.845,219.786,260.302,322.306,336.396,510.862,268.938,122.525
2020-01-01,137.922,260.671,217.803,263.159,323.435,337.570,511.901,269.752,122.555
2020-02-01,137.758,261.492,214.119,269.733,324.419,338.498,512.728,270.354,123.111
2020-03-01,138.206,262.323,203.912,237.448,324.535,339.510,514.554,270.345,121.989
2020-04-01,137.273,265.882,182.889,202.405,324.453,340.264,516.578,270.303,117.174
2020-05-01,137.773,267.693,179.542,194.805,325.164,341.067,518.957,270.825,114.389
2020-06-01,135.521,268.950,188.437,197.196,325.495,341.558,520.870,271.256,115.900
2020-07-01,139.088,267.977,192.556,201.639,326.193,342.262,522.467,271.835,116.823
2020-08-01,147.599,268.289,194.285,204.264,326.674,342.630,522.990,272.479,117.124
2020-09-01,155.629,268.428,196.875,202.819,326.988,343.002,523.521,272.897,117.111
2020-10-01,156.986,268.904,196.435,211.726,327.389,343.495,521.270,273.127,116.595
2020-11-01,154.739,268.999,196.359,215.839,327.774,343.708,520.704,273.780,116.885
2020-12-01,153.041,269.820,203.649,209.932,328.229,344.078,519.978,274.336,117.413
2021-01-01,151.708,270.347,209.328,206.096,328.593,344.507,521.888,274.582,119.099
2021-02-01,150.649,270.705,218.944,201.841,329.121,345.121,523.030,275.181,118.535
2021-03-01,151.174,271.160,231.127,203.607,330.033,345.684,523.686,276.125,118.968
2021-04-01,166.035,272.101,228.374,223.988,331.272,346.379,524.142,277.364,119.647
2021-05-01,178.796,273.338,229.874,243.801,332.321,347.253,523.659,278.650,120.918
2021-06-01,196.878,275.251,234.625,246.094,333.807,348.095,523.126,279.750,121.580
2021-07-01,196.969,276.992,238.447,238.028,335.262,348.789,523.951,280.900,121.647
2021-08-01,194.645,278.062,242.958,217.456,335.888,349.938,524.845,281.979,121.956
2021-09-01,193.626,280.413,245.847,204.659,337.298,351.355,525.861,283.532,121.105
2021-10-01,198.479,282.661,255.010,202.410,338.865,352.762,528.134,285.453,121.850
2021-11-01,203.322,284.676,261.257,206.220,340.475,354.191,529.754,286.849,122.760
2021-12-01,210.090,286.018,263.553,211.455,341.963,355.544,531.268,288.259,124.117
2022-01-01,213.173,288.436,265.929,216.293,342.974,357.476,534.798,290.151,125.433
2022-02-01,212.644,291.325,275.170,227.452,344.758,359.501,535.732,291.549,126.342
